Country,Year,QoL Index,Purchasing Power Index,Safety Index,Health Care Index,Cost of Living Index,Property Price to Income Ratio,Traffic Commute Time Index,Pollution Index,Climate Index
Argentina,2021,110.5,34.56,36.69,68.58,37.87,22.68,43.16,50.73,98.28
Argentina,2020,114.21,43.38,37.74,69.16,31.18,24.09,42.99,50.61,81.8
Argentina,2019,121.02,52.01,37.04,69.81,38.72,19.48,42.09,51.89,98.28
Argentina,2018,130.41,61.48,38.07,70.53,36.41,13.11,42.15,54.5,98.21
Argentina,2017,139.59,58.4,37.37,73.3,52.57,12.07,37.95,53.33,90.67
Argentina,2016,137.33,61.29,36.9,74.1,55.31,13.11,39.09,56.11,91.7
Argentina,2015,77.01,59.38,37.6,75.18,67.12,11.59,41.39,55.88,0
Argentina,2014,74.39,55.28,40.21,75.33,64.87,10.05,44,58.62,0
Argentina,2013,72.53,51.09,40.71,78.26,69.68,10.19,46.71,55.56,0
Armenia,2015,49.07,27.74,70.86,48.33,40.68,13.39,26.09,73.03,0
Australia,2021,181.52,99.29,57.56,77.71,84.14,7.38,35.04,23.48,92.7
Australia,2020,185.03,103.38,58.33,77.81,75.89,7.44,35,23.22,80.05
Australia,2019,189.73,118.09,57.3,76.82,73.39,7.68,35.66,23.15,94.2
Australia,2018,192.41,128.6,57.81,75.78,73.87,7.25,36.54,24.32,92.6
Australia,2017,176.54,101.94,57.58,74.25,80.66,9.24,34.73,24.58,72.79
Australia,2016,196.4,137.26,58,74.14,79.73,7.54,35.82,24.09,80.58
Australia,2015,180.81,110.39,57.84,71.85,99.32,7.13,36.25,21.63,0
Australia,2014,166.68,100.49,58.35,71.9,114.59,7.43,37.02,22.24,0
Australia,2013,165.8,104.18,55.56,75.56,130.71,8.12,39.09,20.89,0
Austria,2021,182.37,78.23,74.77,78.4,75.49,10.4,25.68,19.2,77.79
Austria,2020,181.68,79.38,75.57,78.56,71.78,10.85,25.79,21.65,59.21
Austria,2019,187.82,89.88,76.77,79.46,72.15,10.64,25.41,21.78,80.36
Austria,2018,191.99,103.83,78.5,79.2,72.31,9.75,27.53,23.06,76.95
Austria,2017,190.37,95.66,80.75,80.91,71.52,9.66,26.27,21.9,62.13
Austria,2016,187,103.54,78.33,78.8,71.79,10.37,28.98,25.43,62.13
Austria,2015,182.62,104.55,73.75,78.42,76.87,9.6,25.86,33.96,0
Austria,2014,160.72,89.05,71.81,77.77,87.66,10.19,24.77,35.77,0
Austria,2013,167.39,88.57,69.56,81.45,93.07,8.82,28,28.81,0
Azerbaijan,2021,102.88,25.77,68.34,44.02,30.9,16.58,39.41,75.44,91.4
Azerbaijan,2020,102.69,27.19,67.88,44.59,31.14,16.45,39.99,76.3,94.2
Bahrain,2015,84.06,59.69,60.03,84.44,56.17,7.89,27,87.36,0
Bangladesh,2021,65.27,24.07,35.78,42.7,33.31,14.43,58.53,84.91,72.91
Bangladesh,2020,66.29,27.59,36.18,43.08,33.41,14.3,59.01,85.83,87.53
Bangladesh,2019,69.3,37.21,35.02,42.55,32.62,12.87,57.08,88.81,71.29
Bangladesh,2015,-5.36,33.43,35.75,43.25,39.22,10.9,58,93.59,0
Belarus,2021,107.35,31.96,39.73,44.44,30.69,16.79,30.05,44.47,64.37
Belarus,2020,133.52,33.7,74.98,60.03,32.63,15.49,30.21,43.58,78.22
Belarus,2019,137.86,42.92,75.2,58.87,33.02,14.29,30.29,43.75,64.37
Belarus,2018,138.72,44.27,73.82,56.19,32.03,14.94,29.09,40.69,64.33
Belarus,2017,119.23,36.43,77.74,53.76,33.84,18.73,27.66,39.64,20.07
Belarus,2015,72.48,35.82,69.5,45.39,50.2,16.36,30.57,45.12,0
Belarus,2014,72.85,32.75,71.01,48.02,50.34,16.65,24.83,46.37,0
Belgium,2021,150.89,76.54,55.83,75.2,78.52,6.91,36.24,50.27,86.03
Belgium,2020,149.75,80.12,54.71,74.8,73.59,6.91,36.43,53.66,68.81
Belgium,2019,160.81,93.17,57.5,78.3,73.13,6.92,34.61,50.48,85.99
Belgium,2018,164.58,99.28,58.5,80.93,74.39,7.19,35.71,49.4,86.01
Belgium,2017,160.52,91.02,55.49,78.92,75.36,6.96,36.26,48.92,75.16
Belgium,2016,162.57,99.28,55.13,78.23,76.21,7.13,37.3,50.46,77.32
Belgium,2015,135.95,86.16,57.96,77.86,87.22,6.49,26.69,53.84,0
Belgium,2014,128.68,82.38,56.2,77.53,101.13,5.97,25.68,54.61,0
Belgium,2013,146.73,95.48,57.05,81.48,103.01,6.69,27.33,49.63,0
Bolivia,2015,6.55,41.1,34.4,49.75,40.02,10.33,55,94.05,0
Bolivia,2014,-1.48,33.05,31.72,45.68,42.33,11.42,63,83.34,0
Bosnia And Herzegovina,2021,125.71,42.56,56.99,53.48,38.56,10.75,25.89,60.71,80.48
Bosnia And Herzegovina,2020,123.05,41.58,56.43,53.22,36.57,12.15,25.92,61.72,95.46
Bosnia And Herzegovina,2019,122.56,46.52,56.43,52.35,36.19,12.65,26.8,63.53,80.48
Bosnia And Herzegovina,2018,126.04,52.07,55.3,54.58,36.04,12.05,27.07,62.87,80.46
Bosnia And Herzegovina,2017,139.14,51.29,59.03,61.49,35.05,11.35,26.63,60.69,73.29
Bosnia And Herzegovina,2016,142.52,56.2,58.57,60.93,35.13,11.23,23.55,57.27,69.18
Bosnia And Herzegovina,2015,73.45,44.74,54.18,52.08,42.3,12.5,21.9,58.54,0
Bosnia And Herzegovina,2014,69.39,41.68,53.87,54.42,48.97,12.41,22.56,59.02,0
Bosnia And Herzegovina,2013,71.6,47.34,56.74,54.54,50.63,11.7,18.83,67.63,0
Brazil,2021,104.75,28.66,32.15,57.33,31.82,16.13,41.71,54.53,92.39
Brazil,2020,105.28,30.36,31.69,56.87,30.99,16.47,41.63,54.67,83.15
Brazil,2019,103.87,36.31,30.52,55.59,42.64,16.76,42.31,56.1,94.25
Brazil,2018,100.32,40.67,29.72,54.22,40.48,17.9,45.85,59.14,95.4
Brazil,2017,96.15,42.38,29.38,51.7,53.07,16.96,46.39,61.17,70.76
Brazil,2016,94.75,46.89,29.36,51.95,49.13,16.57,47.17,61.03,62.41
Brazil,2015,29.84,41.16,31.05,52.15,55.33,16.7,46.34,58.03,0
Brazil,2014,29.72,38.37,30.35,51.15,66.24,16.59,44.84,53.13,0
Brazil,2013,48.21,41.44,37.38,57.58,69.91,13.33,35.82,56.5,0
Bulgaria,2021,126.34,40.26,61.88,56.13,40.92,8.97,29.39,64.48,82.76
Bulgaria,2020,127.14,44.11,61.45,56.2,38.39,9.11,29.45,65.43,64.28
Bulgaria,2019,130.25,51,60.69,55.07,37.37,8.98,28.99,63.57,81.22
Bulgaria,2018,131.2,57.21,59.72,53.87,37.83,8.76,30.45,64.23,82.51
Bulgaria,2017,138.2,51.4,59.82,54.03,36.49,9.07,27.92,63.12,77.05
Bulgaria,2016,139.74,54.29,58.05,53.42,37,9.15,27.54,61.69,78.17
Bulgaria,2015,68.3,39.88,56.55,58.47,43.57,9.42,33.43,63.96,0
Bulgaria,2014,65.62,36.24,59.01,59.64,49.65,9.49,34.32,63.63,0
Bulgaria,2013,53.71,38.01,58.53,54.63,51.37,10.14,22.17,78.86,0
Cambodia,2015,-4.4,11.93,55.94,54.17,57.05,21.11,33.33,80.06,0
Cambodia,2014,2.46,12.31,59.24,54.17,54.18,20.3,33.33,78.26,0
Canada,2021,159.99,82.76,58.81,71.8,70.08,7.53,33.72,28.13,56.75
Canada,2020,158.88,83.22,59.36,71.77,66.18,8.18,33.84,27.97,71.37
Canada,2019,169.42,105.01,60.52,71.27,68.16,7.88,33.63,27.66,55.79
Canada,2018,173.84,115.97,60.82,70.07,64.54,6.91,35.75,27.71,56.17
Canada,2017,167.18,108.01,60.75,69.23,70.16,6.4,36.24,26.54,44.31
Canada,2016,172.83,118.08,60.47,68.76,69.09,6.5,37.25,28.17,51.16
Canada,2015,177.63,105.07,62.54,69.6,81.8,5.52,38.88,27.3,0
Canada,2014,172.94,101.88,62.84,72.42,89.61,5.41,39.49,28.8,0
Canada,2013,186.03,111.04,65.02,72.79,95.47,5.08,38.76,26.52,0
Chile,2021,99.9,33.33,47.92,63.72,49.33,17.6,35.56,78.96,90.21
Chile,2020,102.02,35.55,50.4,64.38,45.43,17.94,35.16,79.74,67.22
Chile,2019,123.8,51.43,52.88,65.22,49.15,13.27,35.55,65.1,90.21
Chile,2018,124.28,54.5,54.01,64.22,48.2,13.64,36.68,65.21,90.21
Chile,2017,136.2,61.28,52.5,60.97,50.09,10.67,35.7,67.67,89.39
Chile,2016,140.67,70.01,52.01,60.32,47.86,9.98,35.68,66.81,88.93
Chile,2015,65.48,55.11,54.99,58.55,53.21,10.84,40.83,72.4,0
Chile,2014,61.89,51.08,55.24,60.56,57.92,10.9,40.55,72.24,0
Chile,2013,72.56,58.03,59.72,61.51,66.37,9.22,40.22,74.2,0
China,2021,103.15,57.47,69.83,66.38,42.54,29.02,40.89,81.47,80.15
China,2020,104.96,60.44,68.82,66.62,39.51,28.4,41.44,79.88,73.97
China,2019,99.87,63.93,63.3,64.18,40.54,30.29,41.64,81.24,78.91
China,2018,99.07,74.18,51.33,63.48,40.34,27.17,42.7,83.08,78.82
China,2017,90.95,67.84,66.1,62.25,44.76,23.29,43.87,88.96,38.7
China,2016,94.59,68.42,68.49,62.17,45.71,25.73,44.73,88.08,48.14
China,2015,15.99,48.64,58.25,58.74,48.89,26.42,37.48,89.36,0
China,2014,21.18,40.17,72.7,61.49,52.64,28.09,32.62,86.24,0
China,2013,31.5,42.41,73.13,60.86,60.72,22.22,30.5,89.35,0
Colombia,2021,101.33,26.13,44.23,66.72,31,18.67,47.34,62.88,88.3
Colombia,2020,101.7,27.92,45.06,66.8,29.02,19.29,47.16,62.44,77.56
Colombia,2019,109.94,34.55,47.46,67.63,30.25,19.51,45.28,62.57,96.69
Colombia,2018,111.09,37.96,49.21,67.03,32.61,18.72,47.41,63.08,96.69
Colombia,2017,115.38,37.63,48.31,65.79,34.45,19.43,43.77,63.9,81.34
Colombia,2016,118.49,40.77,49.3,67.53,32.4,18.2,44.95,64.62,81.5
Colombia,2015,47.71,36.08,43.12,68.92,38.92,14.35,44.55,61.41,0
Colombia,2014,40.15,32.64,43.27,67.92,50.14,14.26,45.88,62.42,0
Colombia,2013,35.05,29.44,45.84,77.31,57.25,15.46,43.57,68.26,0
Costa Rica,2021,121.65,39.01,44.66,62.92,50.64,10.07,60.19,44.07,99.48
Costa Rica,2020,156.77,43.25,75.33,63.75,56.31,13.91,28.14,30.07,76.69
Croatia,2021,156.1,43.13,75.09,64.23,56.36,14.2,28.13,30.58,89.69
Croatia,2019,164.69,57.23,75.77,65.6,50.05,12.69,29.88,29.06,89.05
Croatia,2018,162.33,62.19,73.06,62.56,50.05,11.33,30.68,33.1,88.91
Croatia,2017,170.63,60.71,72.2,65.49,48,10.91,28.45,33.34,82.02
Croatia,2016,167.51,63.93,71.28,61.81,49.39,11.72,29.42,30.69,76.69
Croatia,2015,112.34,50.47,70.66,57.26,58.92,12.48,30.5,32.76,0
Croatia,2014,105.5,45.99,70.58,57.66,68.66,13.31,32.89,30.46,0
Croatia,2013,88.86,52.07,67.75,50.03,69.6,13.1,43.86,42,0
Cyprus,2021,144.06,52.34,68.03,52.71,64.05,7.12,23.44,56.77,93.34
Cyprus,2020,146.86,56.8,68.43,52.53,59.93,7.48,23.6,55.11,93.98
Cyprus,2019,152.72,67.28,70.38,52.06,58.39,8.01,21.06,54.17,90.87
Cyprus,2018,159.24,83.85,69.61,50.7,54.98,6.33,21.64,56.23,92.23
Cyprus,2017,166.64,95.92,67.54,54.23,54.07,5.21,20.32,54.77,71.01
Cyprus,2015,154.91,71.05,68.44,78.36,72.52,7.38,19,32.88,0
Cyprus,2014,144.87,65.03,66.4,76.96,85.06,6.84,18.25,33.62,0
Czech Republic,2021,156.33,56.4,74.69,75.37,49.18,15.46,29.72,36.3,77.13
Czech Republic,2020,154.7,59.28,74.6,75.18,45.05,16.43,29.71,39.46,84.79
Czech Republic,2019,160.37,71.19,74.01,74.47,45.7,14.44,29.74,40.09,77.13
Czech Republic,2018,162.03,77.63,72.11,74.63,44.53,13.89,30.34,40.61,76.95
Czech Republic,2017,165.41,76.22,69.82,74.09,41.22,10.7,31.98,41.04,65.32
Czech Republic,2016,167.77,82.75,68.67,74.64,41.6,10.61,31.22,42.17,66.27
Czech Republic,2015,127.53,68.07,67.11,67.24,48.5,10.59,31.47,42.87,0
Czech Republic,2014,119.9,62.03,65.97,66.26,56.49,10.33,30.88,42.35,0
Czech Republic,2013,122.18,64.46,65.88,61.99,60.97,10,30.78,40.1,0
Denmark,2021,190.01,94.73,73.28,79.96,91.67,6.66,28.69,20.4,81.8
Denmark,2020,192.53,101.27,73.91,80.17,85.02,6.96,28.93,21.52,97.72
Denmark,2019,196.47,110.69,75.28,79.22,83.88,7.52,29.6,20.79,82.29
Denmark,2018,199.95,118.75,77.29,79.85,82.65,7.09,30.17,22.48,81.87
Denmark,2017,184.92,98.76,78.87,75.45,83.02,8.2,28.42,25.97,64.24
Denmark,2016,201.53,135.24,76.46,78.21,84.38,6.33,28.03,26.84,66.05
Denmark,2015,190.18,105.7,74.29,79.28,100.6,5.02,27.85,31.79,0
Denmark,2014,165.6,91.59,72.85,82.58,115.09,5.94,28.82,37.61,0
Denmark,2013,182.29,104.58,69.26,86.13,114.09,6.97,22.5,34.29,0
Dominican Republic,2015,43.6,28.2,32.28,78.7,55.95,11.45,27.5,65.32,0
Ecuador,2021,118.76,30.54,45.59,68.81,40.08,12.59,39.57,58.34,94.51
Ecuador,2020,123.09,32.7,47.34,69.51,40.62,12.44,37.11,56.86,87.77
Ecuador,2019,128.06,40.84,51.09,70.81,41.99,12.01,38.18,56.57,92.59
Ecuador,2015,44.52,28,45.96,63.08,45.57,14.67,45.67,53.2,0
Ecuador,2014,37.46,25.83,41.74,63.14,45.56,13.89,45.67,56.53,0
Ecuador,2013,37.68,25.99,40.26,64.81,46.02,13.33,43,58.55,0
Egypt,2021,86.31,19.99,53.21,46.21,30.1,13.65,49.08,84.35,91.98
Egypt,2020,86.78,21.09,53.35,46.29,29.55,13.42,49.34,84.69,69.86
Egypt,2019,85.42,23.27,51.47,44.76,29.09,13.6,48.28,86.31,91.98
Egypt,2018,84.59,25.32,47.64,44.17,24.67,13.26,47.1,87.61,91.98
Egypt,2017,91.81,29.39,47.14,43.73,22.36,10.66,48.84,88.88,75.59
Egypt,2016,88.35,37.14,43.54,46.61,32.62,10.79,51.02,92.84,75.59
Egypt,2015,-7.07,25.84,39.86,54.69,37.22,11.33,56.85,96.62,0
Egypt,2014,0.93,24.68,45.1,58.29,36.22,10.8,60.67,92.55,0
Egypt,2013,7.59,27.41,51.33,59.08,44.12,12.33,59,89.86,0
Estonia,2021,173.56,61.22,76.62,72.83,56.45,9.11,24.72,19.01,64.28
Estonia,2020,175.99,66.08,76.44,72.52,52.93,8.83,24.59,19.02,52.69
Estonia,2019,178.27,76.75,77.83,68.49,50.99,9.07,25.49,19.88,64.28
Estonia,2018,180.68,77.37,79.67,72.47,51.61,9.15,29.65,18.05,66.24
Estonia,2017,171.09,68.48,77,71.3,49.5,10.54,26.71,17.71,44.56
Estonia,2016,171.71,72.33,74.07,71.31,50.52,11,22.33,19.19,44.56
Estonia,2015,144.59,51.44,71.87,73.08,61.2,11.65,22.44,15.53,0
Estonia,2014,137.26,47.78,70.91,71.73,67.61,10.7,24.71,17.27,0
Estonia,2013,154.95,54.02,75.77,78.06,67.23,9.26,23.17,16.38,0
Finland,2021,182.79,89.05,72.99,76.4,77.46,8.64,28.96,11.86,56.64
Finland,2020,186.4,93.94,74.47,75.96,72.71,8.69,29.41,11.79,36.03
Finland,2019,195.06,108.78,77.25,75.27,72.18,7.88,30.62,11.57,62.79
Finland,2018,197.32,120,77.36,74.97,72.73,7.4,32.92,12.19,59.73
Finland,2017,182.93,114.97,75.37,74.85,73.06,7.6,34.92,13.38,35.83
Finland,2016,183.98,123.42,73.5,74.8,74.39,7.99,33.77,14.57,34.8
Finland,2015,190.25,101.17,70.45,69.37,89.68,7.01,33.17,14.91,0
Finland,2014,182.64,96.56,70.78,69,101.95,7.17,31.5,16.04,0
Finland,2013,167.21,95.65,67.31,76.41,101.72,9.38,49,18.53,0
France,2021,150.73,74.06,50.8,80.99,80.62,13.48,34.53,41.79,89.94
France,2020,150.68,76.21,52.63,80.68,76.34,14.07,35.04,43.64,89.89
France,2019,156.1,87.7,53.55,78.34,74.62,13.67,34.55,42.91,89.76
France,2018,164.33,99.72,54.04,78.71,74.83,11.51,35.24,41.04,89.75
France,2017,160.25,87.29,56.34,78.62,74.89,11.58,35.81,40.15,73.91
France,2016,172.3,105.38,56.61,80.6,76.89,11.38,33.58,42.04,82.34
France,2015,139.31,92.62,50.29,82.58,88.37,9.7,28.6,45.94,0
France,2014,127.02,86.87,52.05,81.58,101.95,10.31,30.31,48.51,0
France,2013,151.36,99.18,48.87,85.62,98.92,8.38,28.9,41.3,0
Georgia,2021,118.87,25.67,77.38,53.83,28.05,14.16,35.4,69.7,88.53
Georgia,2020,116.37,24.77,79.5,52.16,29.71,14.48,35.4,70.6,45.23
Georgia,2019,118.42,30.23,79.82,51.73,27.78,13.59,36.55,71.55,84.2
Georgia,2015,64.96,26.21,77.99,62.59,39.56,15.17,38,58.79,0
Georgia,2014,65.02,23.99,80.61,76.85,42.96,15.6,38,64.05,0
Georgia,2013,35.74,29,80.43,68.98,53.24,33.8,20,64.83,0
Germany,2021,176.76,93.72,64.58,73.77,70.62,9.12,31.36,27.48,82.97
Germany,2020,177.25,97.41,64.86,73.35,66.34,9.35,31.4,29.28,77.13
Germany,2019,184.3,111.99,65.4,73.58,66.57,9.42,30.39,28.42,82.8
Germany,2018,189.13,123.27,63.84,74.88,67.89,8.48,30.99,28.15,82.42
Germany,2017,189.74,124.88,67.97,76.74,65.5,7.46,30.55,27.05,57.97
Germany,2016,189.87,136.14,67.3,76.02,66.79,7.23,31.21,27.68,52.01
Germany,2015,195.94,111.84,71.51,75.61,76.27,6.61,31.08,28.32,0
Germany,2014,186.61,105.8,70.87,76.66,86.82,6.13,31.44,30.33,0
Germany,2013,204.84,118,76.14,73.25,87.56,5,31.89,28.43,0
Greece,2021,129.86,38.95,55.86,56.96,60.96,10.13,33.94,51.95,94.18
Greece,2020,131.51,40.75,58.7,56.64,57.5,10.7,33.71,52.33,89.78
Greece,2019,135.61,48.46,60.71,55.48,56.72,9.96,33.36,52.48,92.93
Greece,2018,137.46,53.18,61.17,55.49,57.64,9.68,33.63,52.4,91.8
Greece,2017,148.32,58.24,59.68,53.92,55.87,8.33,31.6,52.05,87.25
Greece,2016,156.8,67.32,60.6,55.01,55.64,7.9,29.62,49.1,88.28
Greece,2015,94.66,51.89,58.65,56.73,68.88,9.67,33.18,44.87,0
Greece,2014,83.03,44.56,58.99,57.84,80.79,10.87,33.21,45.18,0
Greece,2013,55.51,50.31,50.24,50.4,88.06,11.56,38.51,62.69,0
Hong Kong,2021,99.34,62.45,78.27,66.34,79.94,45.19,42.28,67.3,83.64
Hong Kong,2020,103.19,67.02,79.09,66.35,77.9,43.52,42.41,67.6,89.13
Hong Kong,2019,99.58,66.79,81.9,66.93,79.21,49.38,41.09,67.34,83.64
Hong Kong,2018,104.48,76.49,78.03,66.84,74.73,46.89,40.27,67.87,83.64
Hong Kong,2017,94.45,81.45,79.32,67.99,79.96,36.15,42.22,69.9,29.73
Hong Kong,2016,104.02,91.79,79.69,75.3,78.2,34.95,43.94,67.53,29.85
Hong Kong,2015,82.96,74.93,80.76,80.6,75.23,30.09,46.25,59.5,0
Hong Kong,2014,77.52,68.02,81.18,80.4,75.86,29.39,42.33,61.47,0
Hong Kong,2013,94.27,81.17,83.43,71.06,76.23,23.93,43.88,64.95,0
Hungary,2021,134.01,49.81,65.19,51.64,42.75,11.6,35.81,47.81,79.48
Hungary,2020,128.4,46.3,64.77,48.05,40.09,13.82,35.91,48.66,78.13
Hungary,2019,133.06,53.78,64.59,47.62,41.7,12.49,35.83,47.57,79.48
Hungary,2018,134.55,56.73,64.11,47.83,41.34,13.04,35.32,46.33,79.19
Hungary,2017,138.82,47.52,61.61,53.46,42.77,11.2,33.09,43.99,66.49
Hungary,2016,140.01,50.74,59.24,52.46,42.27,10.77,31.09,45.46,68.38
Hungary,2015,93.07,46.85,58.24,51.58,48.9,8.58,30.12,46.25,0
Hungary,2014,85.23,41.86,59.65,49.74,56.91,9.59,30.09,45.63,0
Hungary,2013,85.59,43.45,66.28,51.02,60.76,10.71,22.45,53.27,0
Iceland,2021,179.1,71.88,75.87,65.69,96.77,6.31,19.98,16.24,68.81
Iceland,2020,180.74,74.78,76.3,65.61,90.19,6.63,20.1,16.2,86.03
Iceland,2019,188.12,92.03,76.85,65.66,97.22,6.41,19.49,15.65,68.81
Iceland,2018,181.84,93.21,76.36,63.91,112.64,6.63,27.37,15.55,68.26
India,2021,104.52,47.13,55.28,66.25,25.16,11.31,46.66,79.62,65.3
India,2020,105.86,50.55,55.58,66.21,24.12,11.34,46.83,79.56,45.98
India,2019,115.41,61.73,57.62,68.21,25.14,11.31,46.21,75.55,65.77
India,2018,121.61,77.67,56.85,68.04,23.81,10.83,47.57,75.17,66.04
India,2017,101.52,76.73,56.04,69.18,25.08,10.28,46.38,76.53,9.3
India,2016,106.28,83.16,55.19,68.42,24.02,10.75,45.07,76.65,14.49
India,2015,78.6,65.79,53.45,66.86,26.27,10.06,45.24,77.72,0
India,2014,72.6,59.26,54.74,63.97,27.72,10.39,46.67,75.04,0
India,2013,73.7,62.71,57.88,62.68,30.24,9.96,50.64,77.48,0
Indonesia,2021,90.1,20.89,53.77,60.49,37.44,22.01,43.4,67.08,68.48
Indonesia,2020,91.63,22.19,53.94,60.51,36.86,21.27,43.37,66.9,74.7
Indonesia,2019,101.9,31.01,53.74,61.9,36.86,15.05,43.46,64.39,63.76
Indonesia,2018,107.81,34.97,54.37,63,36.16,13.84,44.77,62.27,68.39
Indonesia,2017,62.02,27.61,50.32,64.8,41.11,21.03,49.44,76.41,9.62
Indonesia,2016,66.39,33.75,50.49,65.43,38.41,18.6,47.27,76.25,4.45
Indonesia,2015,22.7,26.01,52.78,66.09,39.35,18.93,41.63,74.41,0
Indonesia,2014,17.97,23.06,51.6,64.45,40.41,20.24,40.03,72.45,0
Indonesia,2013,-12.54,24.61,59.51,48.52,46.01,24.75,54.38,85.14,0
Iran,2021,64.73,19,50.81,52.25,41.34,34.24,47.43,76.13,70.99
Iran,2020,70.32,21.88,51.09,52.23,38.47,29.83,47.44,76.69,93.78
Iran,2019,75.22,25.95,50.97,51.86,41.39,24.88,48.02,78.03,70.99
Iran,2018,91.99,44.26,50.61,51.96,30.86,13.24,50.76,80.63,70.99
Iran,2017,97.17,43.18,49.1,51.55,38.26,13.5,49.7,82.51,71.48
Iran,2016,96.99,46.7,48.12,50.13,38.21,13.56,49.17,83.65,71.48
Iran,2015,1.07,30.65,49.1,50.12,44.53,20.78,47.44,82.28,0
Iran,2014,-11.72,27.42,48.91,50,47.74,21.49,54.45,86.08,0
Iran,2013,-6.96,35.75,43.85,45.66,56.97,16.33,58.28,90.23,0
Ireland,2021,150.89,73.84,54.98,52.78,83.11,7.4,37.7,33.59,89.13
Ireland,2020,150.16,74.58,54.32,52.27,78.07,7.75,38.07,34.29,92.8
Ireland,2019,158.34,90.8,53.82,51.44,76.33,7.09,36.53,33.02,88.59
Ireland,2018,161.29,95.4,56.05,48.19,77.08,8.09,35.73,30.41,89.29
Ireland,2017,166.9,103.52,54.23,53.33,76.98,7.02,35.01,27.18,70.18
Ireland,2016,170.83,115.49,53.62,53.4,78.69,7.7,35.58,27.47,72
Ireland,2015,148.85,95.72,50.93,49.53,92.09,6.07,32.6,27.97,0
Ireland,2014,140.13,89.55,48.26,46.73,105.62,6.1,26.61,27.36,0
Ireland,2013,149.64,91.68,55.05,49,107.65,5.52,21,29.76,0
Israel,2021,144.14,70.36,68.79,73.76,86.63,13.68,35.76,58.42,93.78
Israel,2020,146.89,73.94,69.56,73.4,82.52,13.47,36.08,57.48,57.45
Israel,2019,152.34,85.96,69.29,72.97,79.54,13.53,35.43,56.93,93.8
Israel,2018,153.74,98.1,62.71,74.16,74.86,12.61,36.19,59.39,93.8
Israel,2017,157.88,94.47,70.99,74.78,77.74,10.87,36.52,61.71,81.01
Israel,2016,160.72,103.82,68.65,75.47,75.23,10.95,38.04,61.91,81.94
Israel,2015,120.43,88.18,69.6,76.35,79.29,10.72,41.25,65.21,0
Israel,2014,104.75,76.71,68.68,77.35,91.55,11.57,41.42,64.99,0
Israel,2013,99.34,73.52,51.74,87.04,90.18,10.31,46.6,59.54,0
Italy,2021,138.63,58.7,55.63,66.77,73.11,9.52,34.17,53.93,91.48
Italy,2020,138.97,61.8,55.76,66.95,68.95,9.81,34.3,55.65,81.6
Italy,2019,143.81,73.43,55.65,66.56,69.02,9.45,34.87,54.97,91.26
Italy,2018,149.08,86.8,54.82,67.05,69.68,9.63,36.47,53.8,92.48
Italy,2017,142.52,71.83,55.34,66.31,83.7,12.39,36.38,51.57,82.6
Italy,2016,160.21,102.59,55.03,66.56,69.65,10.61,36.94,52.96,86.7
Italy,2015,100.99,79.35,52.5,65.78,82.72,11.69,35.91,57.75,0
Italy,2014,88.38,72.47,52.87,66.02,95.76,11.61,38.03,60.37,0
Italy,2013,87.36,75.76,50.54,64.78,98.09,13,38.43,58.86,0
Japan,2021,162.32,76.53,78.05,80.68,87.77,13.04,39.85,39.4,85.27
Japan,2020,163.23,78.88,78.33,80.23,86.22,13.28,39.41,39.34,91.64
Japan,2019,176.46,97.57,84.09,80.48,85.52,12.83,38.64,36.78,85.26
Japan,2018,184.25,108.39,87.31,82.21,79.87,11.66,40.89,35.96,85.26
Japan,2017,147.49,102.52,79.11,78.63,85.28,12.68,46.81,41.01,31.91
Japan,2016,172.72,107.31,80.02,80.19,93.03,13.38,47.37,40.9,81.29
Japan,2015,168.28,98.21,79.76,87.07,80.36,9.24,51.05,38.22,0
Japan,2014,156.25,90.86,84.73,84.82,96.69,8.34,51.05,44.03,0
Japan,2013,159.79,87.68,86.89,80.09,113.21,8.32,50.3,33.68,0
Jordan,2021,114.04,33.13,59.27,65.38,52.17,8.03,41.41,76.09,89.05
Jordan,2020,114.06,34.7,59.17,65.46,53.4,7.88,41.69,76.81,68.39
Jordan,2019,110.71,37.34,57.11,65.44,55.36,8.7,43.54,78.95,89.05
Jordan,2018,113.8,46.39,56.46,64.78,52.54,6.85,45.38,80.56,88.78
Jordan,2017,117.47,42.27,56.86,71.92,59.22,7.96,47.76,85.73,88.42
Jordan,2016,120.57,46.5,55.96,71.23,55.51,8.58,47.22,83.27,88.61
Jordan,2015,38.61,38.67,54.49,69.71,61.38,8.58,51.4,85.64,0
Jordan,2014,38.31,35.76,52.55,74.1,61.79,8.33,48.5,85.65,0
Kazakhstan,2021,96.42,34.92,45.98,60.09,29.76,9.63,33.64,72.62,39.78
Kazakhstan,2020,98.15,38.26,45.19,60.94,31.01,9.36,33.72,72.1,64.37
Kazakhstan,2019,85.88,38.65,35.77,50.2,30.06,11.69,31.64,75.42,39.78
Kazakhstan,2015,47,43.48,53.32,58.86,54.27,12.73,41.8,73.69,0
Kazakhstan,2014,43.51,36.57,54.21,58.56,55.01,12.4,36.5,73.95,0
Kenya,2021,75.77,27.67,38.6,55.83,36.3,27.27,57.39,75.88,99.79
Kenya,2020,66.6,28.98,38.27,55.58,37.75,36.33,56.96,76.56,95.25
Kenya,2019,73.14,29.34,37.62,54.98,39.26,31.34,56.11,74.01,99.79
Kenya,2015,7.32,28.74,27.39,62.7,50.01,16.75,65.2,62.2,0
Kenya,2014,5.38,27.26,20.95,57.13,53.78,12.31,67.14,62.2,0
Kuwait,2021,113.98,75.32,65.96,58.97,49.4,13.18,33.72,66.72,20.22
Kuwait,2020,115.14,79.31,65.43,58.14,49.86,13.08,33.98,66.37,77.69
Kuwait,2015,123.39,85.7,56.49,66.57,92.97,6.12,25,59.63,0
Kuwait,2014,112.25,71.92,58.45,64.48,99.82,6.33,17,59.63,0
Latvia,2021,147.59,45.94,62.79,62.18,52.87,8.48,31.16,33.91,74.7
Latvia,2020,148.68,49.49,62.57,62.14,49.18,8.75,31.56,34.07,94.18
Latvia,2019,153.59,56.55,63.4,63.73,49.55,8.71,31.07,32.87,74.7
Latvia,2015,99.04,44.39,62.78,67.13,55.94,12.19,24,43.43,0
Lebanon,2021,94.47,29.49,53.04,63.29,75.88,14.07,39.06,89.35,94.74
Lebanon,2020,99.64,35.28,55.93,63.65,64.26,14.47,38.59,88.91,71.25
Lebanon,2019,110.07,50.7,56.62,64.66,59.74,13.49,36.13,87.65,94.74
Lebanon,2018,112.24,58.92,53.36,67,57.21,13.1,39.55,86.7,94.74
Lebanon,2017,106.18,53.61,50.84,64.28,61.65,13.95,36.15,85.11,69.39
Lebanon,2015,32.81,50.17,48.02,65.78,67.61,16.21,32.43,89.11,0
Lebanon,2014,20.88,40.14,54.84,61.3,69.03,18.11,32.43,89.79,0
Lebanon,2013,12.46,44.15,52.69,43.33,73.95,18.42,36.4,88.05,0
Lithuania,2021,160.02,54.6,66.16,70.97,47.66,10.97,25.67,27.01,69.86
Lithuania,2020,159.77,55.57,66.12,70.51,44.85,11.09,25.65,27.91,79.48
Lithuania,2019,158.98,60.44,65.18,68.79,45.41,10.99,26.34,29.84,69.86
Lithuania,2018,153.38,60.64,63.1,67.27,46.95,11.91,29,32.01,69.34
Lithuania,2017,130.28,51.67,59.97,68.74,46.73,14.19,28,34.27,25.04
Lithuania,2016,133.37,57.75,58.42,67.62,46.94,12.34,29.17,33.16,24.85
Lithuania,2015,112.85,46.86,63.31,70.11,52.76,12.87,31.33,29.6,0
Lithuania,2014,114.55,42.22,65.16,69.94,59.68,12.98,23.46,26.87,0
Lithuania,2013,114.05,42.79,65.39,70.79,60.95,13.58,27.33,25.17,0
Malaysia,2021,116.94,56.1,42.11,69.59,39.51,9.92,37,62.58,59.11
Malaysia,2020,117.42,59.12,41.45,68.87,38.09,10,37.11,62.81,82.76
Malaysia,2019,120.39,70.35,39.34,67.8,39.46,9.67,36.55,62.92,57.92
Malaysia,2018,121.32,76.33,38.85,67.49,40.69,9.33,37.56,64.46,58.57
Malaysia,2017,51.65,73.34,35.25,65.99,40.24,9.53,39.4,67.08,-79.43
Malaysia,2016,57.4,83.06,34.44,65.84,42.24,9.36,39.33,67.61,-73.66
Malaysia,2015,85.32,73.54,30.03,69.14,45.97,8.35,39.4,64.73,0
Malaysia,2014,78.94,67.54,31.4,68.86,49.99,8.27,41.09,64.49,0
Malaysia,2013,79.74,71.79,32.25,59.65,54.13,6.79,38.64,67.35,0
Mexico,2021,120.29,35.54,45,72.51,35.05,10.46,39.02,61.24,86.63
Mexico,2020,120.65,38.17,46.69,72.11,30.93,10.69,39.2,63.29,93.26
Mexico,2019,122.44,47.05,47.49,69.4,34.29,9.97,38.15,66.88,87.55
Mexico,2018,123.99,53.93,47.94,69.64,30.54,9.74,42.32,66.19,86.02
Mexico,2017,129.06,60.08,49.68,70.11,29.81,6.94,41.66,66.74,60.74
Mexico,2016,142.85,66.91,49.63,68.01,33.07,6.61,38.9,66.8,82.54
Mexico,2015,84.97,59.51,46.16,67.79,41.26,6.26,36.89,68.83,0
Mexico,2014,76.62,52.55,47.2,69.79,47.77,6.53,38.86,69.19,0
Mexico,2013,87.94,60.67,43.77,72.12,52.42,5.68,37.37,66.08,0
Moldova,2015,42.13,23.7,50.3,52.69,34.72,17.07,24.6,57.24,0
Mongolia,2015,-35.74,23.5,29.75,28.29,52.28,18.63,36.86,94.55,0
Mongolia,2014,-39.97,21.71,29.75,27.23,53.86,18.83,36.86,95.75,0
Mongolia,2013,14.08,28.4,53.13,43.06,61.95,13,26.67,88.97,0
Morocco,2021,104.42,32.17,50.9,45.81,36.85,13.49,36.3,70.38,90.04
Morocco,2020,104.94,33.44,51.03,46.32,34.44,13.6,36.04,70.1,76.03
Morocco,2019,103.67,39.4,50.47,39.35,34.59,14.45,36.83,68.14,86.09
Netherlands,2021,183.31,83.89,72.78,75.76,78.64,7.35,27.81,25.28,87.11
Netherlands,2020,184.18,86.76,72.85,75.68,74.63,7.45,28.15,26.11,98.04
Netherlands,2019,186.41,98.04,71.46,75.63,75.22,7.52,29.42,27.34,87.56
Netherlands,2018,190.22,108.26,71.78,79.13,75.93,7.31,31.94,28.1,86.95
Netherlands,2017,175.23,86.52,70.11,82.5,72.47,8.52,33.9,27.62,61.87
Netherlands,2016,186.46,120.12,69.1,69.19,73.03,6.47,33.8,29.08,67.11
Netherlands,2015,166.76,102.02,64.59,67.23,85.98,6.22,35.45,34.97,0
Netherlands,2014,149.9,91.81,63.57,66.66,98.7,6.54,35.5,37.33,0
Netherlands,2013,160.54,94.93,62.47,66.8,98.06,6.3,38.7,28.08,0
New Zealand,2021,175.77,81.44,57.74,73.58,79.14,8.09,30.7,23.81,96.35
New Zealand,2020,178.22,87.22,57.81,73.82,71.83,8.66,30.81,23.52,94.51
New Zealand,2019,183.07,97.59,59.11,73.71,73.01,8.51,30.72,23.49,95.46
New Zealand,2018,185.08,101.88,60.12,72.62,72.41,8.24,33.57,21.87,96.21
New Zealand,2017,184.74,89.87,61.22,70.58,80.77,8.14,30.23,20.03,85.41
New Zealand,2016,196.09,108.61,62.21,72.17,81.53,6.8,28.51,19.43,85.96
New Zealand,2015,175.51,90.99,60.24,72.61,93.71,5.78,28.1,17.61,0
New Zealand,2014,164.24,84.16,57.62,73.56,106.7,5.8,25.47,19.24,0
New Zealand,2013,163.17,85.55,58.21,76.04,110.45,5.94,26.57,21.8,0
Nigeria,2021,52,9.78,36.14,48.89,29.74,17.74,61.68,87.35,60.75
Nigeria,2020,54.91,11.1,36.73,50.05,29.76,16.19,62.14,86.89,80.48
Nigeria,2015,2.99,40.23,23.4,38.4,59.4,10.74,58.67,76.29,0
North Macedonia,2021,108.47,31.97,61.41,56.49,34.15,12.67,27.22,80.03,76.3
North Macedonia,2020,108.99,33.3,61.39,56.22,32.96,12.36,27.61,80.23,86.29
North Macedonia,2019,110.42,40.16,60.78,57.33,32.27,13.27,28.98,80.12,76.3
North Macedonia,2018,108.89,41.61,60.06,59.1,31.49,13.77,31.24,81.49,76.3
North Macedonia,2017,116.42,39.85,61.34,63.46,30.93,14.67,33.79,83.38,75.54
North Macedonia,2016,114.94,42.8,61.5,62.4,32.04,14.91,35.35,85,75.54
North Macedonia,2015,28.85,35.48,63.94,35.12,37.41,15.38,33.17,82.31,0
Norway,2021,173.57,79.43,66.65,75.5,106.09,8.49,26.87,18.14,68.68
Norway,2020,174.55,83.4,65.38,74.51,96.8,8.68,26.62,20.14,59.21
Norway,2019,179.78,98,66.49,74.36,104.49,8.61,27.24,20.29,71.37
Norway,2018,181.6,109.53,61.56,75.03,104.11,8.2,29.47,20.11,71.28
Norway,2017,165.93,105.58,54.31,74.19,106.31,7.9,31.32,19.45,49.32
Norway,2016,176.23,115.01,60.63,73.95,104.26,7.67,28.86,19.28,52.28
Norway,2015,175.09,96.3,68.81,75.46,118.59,7.74,25.3,23.7,0
Norway,2014,160.51,89.81,67.04,75.39,145.16,7.76,25.61,24.93,0
Norway,2013,173.86,97.29,74.39,80.51,164.92,7.3,27.08,23.35,0
Oman,2021,172.08,84.45,79.74,58.42,50.18,5.75,23.02,37.59,67.22
Oman,2020,173.08,87.3,79.38,58.83,49.42,6.11,22.82,37.51,84.2
Pakistan,2021,105.14,27.28,56.14,60.52,21.59,12.62,37.8,73.36,73.63
Pakistan,2020,105.09,28.39,55.82,60.69,21,12.46,37.77,73.48,83.23
Pakistan,2019,105.83,36.1,55.42,60.51,18.58,14.14,37.99,74.78,72.99
Pakistan,2018,103.03,41.61,52.09,58.95,22.17,13.61,42.24,75.53,72.2
Pakistan,2017,93.41,39.95,45.62,59.05,27.18,12.09,38.69,80.08,42.54
Pakistan,2016,92.28,42.32,43.61,58.57,26.33,12.59,38.76,77.85,38.51
Pakistan,2015,21.82,33.21,38.84,51.16,30.71,14.32,25.14,83.73,0
Pakistan,2014,23.52,30.53,39.4,52.23,31.47,13.76,25.55,81.08,0
Pakistan,2013,7.67,26.38,38.48,47.88,32.83,17.49,16,86.96,0
Panama,2021,110.32,32.05,54.15,60.43,54.07,12.33,37.55,59.77,67.84
Panama,2020,112.01,33.79,53.8,60.43,55.02,11.79,37.11,59.03,20.22
Panama,2019,110.04,38.96,54.53,59.86,52.98,12.75,37.33,63.97,67.84
Panama,2015,89.27,43.34,49.92,82.14,55.16,10.79,28.12,50.91,0
Panama,2014,93.65,38.23,57.47,85.56,51.61,11.14,27,49.36,0
Panama,2013,86.81,37.69,51.54,82.41,50.77,10.83,31.67,48.08,0
Peru,2021,83.3,28.81,33.39,56.38,36.26,16.88,48.81,82.69,97.69
Peru,2020,85.28,30.66,34.35,56.45,37.64,15.57,48.81,83.34,98.28
Peru,2019,88.14,37.42,35.42,56.26,38.82,14.75,49.16,84.6,97.69
Philippines,2021,78.39,19.71,57.84,67.09,40.65,30.14,44.04,74.06,61.03
Philippines,2020,79.18,21.38,57.78,67.52,39.25,29.92,44.6,74.24,89.05
Philippines,2019,88.23,27.21,58.91,66.45,36.97,23.63,43.87,74.55,60.81
Philippines,2018,94.62,31.75,59.58,66.64,32.78,19.45,45.31,74.13,60.82
Philippines,2017,56.87,36,60.23,69.16,34.71,16.91,45.14,70.25,-44.1
Philippines,2016,60.04,38.41,61.01,68.77,35.27,17.45,44.55,71.58,-37.67
Philippines,2015,36.95,35.41,56.89,71.66,40,18.52,45.5,74.17,0
Philippines,2014,32.71,31.04,57.98,73.15,41.79,19.39,49.5,71.5,0
Philippines,2013,21.08,25.98,45.06,73.7,47.79,16.38,46.75,74.84,0
Poland,2021,132.65,47.09,70.68,58.25,42.04,14.03,31.34,54.33,75.9
Poland,2020,125.2,52.3,66.87,51.96,39.46,13.2,32.16,63.09,67.84
Poland,2019,145.9,66.06,70.33,62.52,39.38,10.95,31.68,52.88,75.85
Poland,2018,147.53,75.17,64.52,62.48,38.69,10.04,32.8,52.15,75.85
Poland,2017,150.21,71.75,68.47,61.46,38.15,10.12,34.55,50.33,62.53
Poland,2016,150.13,75.34,67.38,60.46,38.39,10.91,34.74,50.79,63.87
Poland,2015,109.74,63.49,67.01,58.03,45.11,10.56,34.67,50.55,0
Poland,2014,97.91,56.42,65.82,54.26,53.36,11.05,34.35,50.05,0
Poland,2013,90.47,55.56,61.07,57.81,53.31,13,36.24,50.02,0
Portugal,2021,161.91,44.96,70.11,71.93,52.88,12.65,29.64,29.57,97.72
Portugal,2020,162.46,47.1,70.17,71.88,49.52,12.52,30.13,30.38,76.3
Portugal,2019,164.41,53.61,69.89,71.64,50.77,13.04,29.2,30.65,97.55
Portugal,2018,164.78,60.02,66.21,69.54,50.64,11.61,30.41,31.31,97.85
Portugal,2017,178.43,62.72,64.61,70.31,49.19,8.85,30.44,28.91,92.19
Portugal,2016,180.66,68.38,65.45,69.76,49.82,8.87,30.13,29.87,92.99
Portugal,2015,129.16,58.22,64.16,65.62,58.22,8.32,28.2,32.61,0
Portugal,2014,122.57,51.81,65.41,66.04,67.78,8.7,28.97,30.87,0
Portugal,2013,119.76,54.59,65.04,61.63,71.77,8.06,27.88,35,0
Puerto Rico,2021,130.77,69.22,36.65,55.57,69.51,3.56,34.16,50.45,71.25
Puerto Rico,2020,130.96,71.16,35.25,55.57,70.02,3.66,34.16,50.06,64.74
Puerto Rico,2015,125.69,94.43,32.94,58.74,73.5,4.54,32,48.03,0
Puerto Rico,2014,111.13,81.51,33.33,59.31,73.71,5.28,28.4,50.53,0
Puerto Rico,2013,117.89,95.73,29.47,58.98,81.49,3.93,32.5,54.02,0
Qatar,2021,154.58,93.12,87.71,73,64.23,5.97,30.45,60.18,36.03
Qatar,2020,156.9,99.82,88.1,73.03,67.54,6.03,30.49,60.41,94.1
Qatar,2019,164.29,119.33,88,73.17,62.22,5.85,31.14,61.62,36.03
Qatar,2018,167.57,142.72,85.89,72.86,62.63,4.76,34.3,68.17,36.03
Qatar,2017,132.37,111.28,84.3,66.14,69.2,6.19,32.97,73.29,9.26
Qatar,2016,135.57,131.01,79.59,68.88,67.98,5.68,31.96,80.34,9.26
Qatar,2015,144.89,113.02,78.96,75.86,74,6.56,29.27,87.73,0
Qatar,2014,150.92,118.87,77.22,75,72.38,6,30.7,86.54,0
Qatar,2013,169.92,140.57,73.83,68.06,80.92,5.43,30.5,82.76,0
Romania,2021,131.71,45.19,71.65,56.09,38.5,10.66,34.13,58.42,77.69
Romania,2020,131.69,46.7,72.18,55.46,36.23,10.96,34.75,58.79,71.14
Romania,2019,135.71,54.2,72.16,54.99,36.07,11.2,34.84,56.55,77.62
Romania,2018,141.02,63.83,71.53,54.24,36.7,9.89,35.56,54.36,76.81
Romania,2017,143.04,53.44,72.05,53.11,35.63,10.79,31.97,50.9,64.45
Romania,2016,144.93,57.12,69.47,53.15,35.73,11.04,32.08,48.72,65.6
Romania,2015,83.63,40.62,70.28,46.57,42.39,11.81,30.69,50.55,0
Romania,2014,66.71,35.53,70.66,46.72,49.2,12.74,31.35,59.18,0
Romania,2013,57.75,36.35,69.98,46.13,49.46,14.25,34.85,63.34,0
Russia,2021,101.67,34.61,59.87,58.44,33.17,11.14,44.6,62.32,38.46
Russia,2020,101.57,35.96,59.4,58.01,33.66,11.3,45,62.58,71.93
Russia,2019,104.05,43.69,58.3,57.64,38.59,11.09,45.25,63.49,42.82
Russia,2018,107.34,52.15,56.37,57.29,36.73,11.44,46.96,63.37,48.67
Russia,2017,85.93,48.27,53.95,56.4,42.01,13.55,48.57,63.04,10.69
Russia,2016,86.53,52.6,52.64,55.42,35.63,13.3,48.41,64.45,9.2
Russia,2015,28.38,38.86,48.67,51.8,61.91,14.6,47.08,72.77,0
Russia,2014,23.02,36.08,47.71,52.71,61.75,14.65,50.19,73.46,0
Russia,2013,18.5,39.6,47.61,39.34,68.12,12.36,49.68,78.29,0
Saudi Arabia,2021,147.37,88.18,74.07,60.71,49.95,2.57,28.45,64.13,45.98
Saudi Arabia,2020,148.94,93.84,73.32,60.42,49.15,2.72,28.45,64.34,78.17
Saudi Arabia,2019,151.75,110.93,71.78,60.04,48.71,2.85,29.14,66.07,41.42
Saudi Arabia,2018,151.8,130.44,63.15,58.9,46.59,2.72,32.65,68.41,41.42
Saudi Arabia,2017,146.41,138.05,76.35,60.41,48.37,2.85,36.31,74.18,17.96
Saudi Arabia,2016,156.98,161.43,74.48,60.93,46.3,2.71,36.61,72.12,18.29
Saudi Arabia,2015,169.37,126.19,65.43,59.02,50.35,3.12,26.14,71.02,0
Saudi Arabia,2014,137.32,98.93,66.84,53.46,61.37,2.93,29.55,70.57,0
Saudi Arabia,2013,140.49,116.1,68.26,34.17,71.28,3.11,15.75,80.55,0
Serbia,2021,116.24,35.83,61.74,51.62,39.19,17.08,31.1,61.2,83.23
Serbia,2020,116.08,36.04,62.27,51.74,36.98,17.9,31.02,61.21,87.96
Serbia,2019,117.7,37.94,62.37,52.01,36.3,19.41,30.2,58.6,83.23
Serbia,2018,122.57,43.05,61.65,54.18,36.13,18.13,29.09,57.92,83.26
Serbia,2017,133.43,40.8,61.38,53.86,33.79,17.87,29.93,55.29,82.66
Serbia,2016,135.95,44.83,60.05,55.81,34.55,17.58,27.87,55.88,82.68
Serbia,2015,60.34,39.15,56.57,54.12,43.29,17.07,27.79,56.6,0
Serbia,2014,66.56,36.59,58.44,54.68,50.74,16.41,24.57,50.95,0
Serbia,2013,63.68,37.01,58.77,55.55,51.13,17.22,25.48,52.79,0
Singapore,2021,143.82,83.62,67.02,70.88,85.59,19.38,41.19,33.16,57.45
Singapore,2020,142.25,82.61,68.47,70.97,81.13,21.67,41.18,33.3,83.64
Singapore,2019,146.09,88.84,72.3,71.07,80.23,23.13,41.3,32.06,57.45
Singapore,2018,156.17,99.15,84.41,69.25,80.4,21.18,42.51,33.09,57.45
Singapore,2017,86.5,92.7,83.42,69.87,82.41,21.63,43.39,37.04,-71.47
Singapore,2016,88.86,97.99,83.51,70.86,87.83,20.94,42.15,37.69,-71.47
Singapore,2015,111.29,75.4,82.41,66.14,93.61,21.41,44.07,40.4,0
Singapore,2014,93.84,65.17,81.18,62.97,100.98,21.66,44.36,43.01,0
Singapore,2013,69.17,60.86,80.02,58.82,104.14,25.12,51.1,49.5,0
Slovakia,2021,149.68,50.39,70.26,60.89,49.08,11.14,27.81,39.08,78.13
Slovakia,2020,149.93,53.39,70.19,60.23,46.8,11.03,28.57,39.99,91.4
Slovakia,2019,154.53,61.83,70.82,60.46,44.65,10.08,28.42,40.64,78.13
Slovakia,2018,155.38,66.46,69.97,62.85,45.41,9.97,30.91,41.33,78.57
Slovakia,2017,152.55,64.75,69.82,62.63,44.9,9.85,36.03,43.51,65.06
Slovakia,2016,154.13,67.63,68.77,61.15,45.75,9.55,32.17,44.28,65.09
Slovakia,2015,109.09,56.05,66.66,57.34,51.6,8.58,30.4,47.94,0
Slovakia,2014,103.92,50.41,66.43,58.84,61.02,9.49,37.5,40.81,0
Slovakia,2013,114.58,54.24,64.84,59.95,62.69,7.91,41,34.4,0
Slovenia,2021,168.2,56.14,78.21,65.28,59.38,10.89,26.79,22.65,77.56
Slovenia,2020,169.81,60.61,79.05,65.16,55.17,11.1,27.16,23.53,90.21
Slovenia,2019,172.32,68.24,77.99,63.75,54.17,10.6,26.7,23.21,76.11
Slovenia,2018,175.72,81.33,75.56,63.57,52.93,9.45,28.64,25.49,78.08
Slovenia,2017,175.45,78.23,75.95,64.35,53.24,8.34,26.48,26.37,60.5
Slovenia,2015,134.49,64.16,71.29,53.93,65.15,10.61,18.82,31.45,0
Slovenia,2014,121.3,57.81,68.77,55.88,74.96,11.19,22,32.66,0
Slovenia,2013,133.62,60.1,70.4,72.11,78.15,12.1,24.67,28.17,0
South Africa,2021,132.19,72.92,22.93,63.89,41.69,3.96,39.3,56.96,95.25
South Africa,2020,132.39,73.52,22.71,64.16,37.52,4.24,39.42,57.12,86.04
South Africa,2019,135.75,81.3,22.98,63.27,43.74,3.78,39.88,56.2,95.97
South Africa,2018,137.05,91.42,23.92,63.35,42.11,3.92,42.44,59.19,95.98
South Africa,2017,144.72,98.96,24.28,61.72,43.12,3.58,42.98,63.56,88.74
South Africa,2016,148.93,111.44,22.51,61.53,37.76,3.33,43.35,64.46,88.04
South Africa,2015,110.92,101.78,21.56,60.09,45.58,3.14,42.98,65.19,0
South Africa,2014,109.18,94.77,21.14,60.92,49.55,3.32,42.41,59.16,0
South Africa,2013,123.77,107.37,23.32,61.33,59.51,3.21,38.91,58.99,0
South Korea,2021,130.02,76.6,73.14,82.34,81.2,23.63,39.88,61.85,68.39
South Korea,2020,136.27,81.67,72.67,82.26,75.93,19.41,39.86,62.25,69.45
South Korea,2019,151.19,99.13,70.76,83.59,75.16,16.23,39.6,54.8,68.39
South Korea,2018,153.74,107.67,63.09,84.34,76.62,15.28,37.74,53.4,68.39
South Korea,2017,162.49,102.38,74.73,83.2,75.41,12.38,34.18,52.73,61.2
South Korea,2016,167.52,108.37,85.01,88.43,74.45,13.17,33.27,50.28,49.03
South Korea,2015,120.03,85.83,82.01,78.15,82.9,11.01,31.33,77.11,0
South Korea,2014,110.44,78.08,79.68,82.14,91.41,12.33,31.33,74.85,0
South Korea,2013,135.62,95.57,82.6,80.56,79.71,12.46,21.5,75.57,0
Spain,2021,164.48,62.68,66.87,78.8,59.09,9.59,29.38,39.62,93.18
Spain,2020,167.05,67.73,67.67,78.69,55.27,9.55,29.38,40.37,39.51
Spain,2019,173.56,79.81,68.93,78.42,54.74,9.48,29.3,39.16,94.55
Spain,2018,174.45,90.44,63.23,77.87,55.43,8.61,31.9,38.59,93.98
Spain,2017,183.65,87.87,68.72,76.65,54.98,8.26,32.63,37.46,88.04
Spain,2016,184.69,94.8,67.88,76.55,57.01,8.7,30.8,40.37,89.25
Spain,2015,134.91,76.71,66.15,73.21,65.7,9.56,28.91,46.3,0
Spain,2014,121.24,71.23,65.94,74.23,75.68,10.38,30.89,50.22,0
Spain,2013,141.05,83.67,65.88,75.61,79.25,9.63,26.42,46.52,0
Sri Lanka,2021,79.78,20.77,58.81,72.63,31.28,35.01,57.2,59.92,59.11
Sri Lanka,2020,80.36,21.42,59.77,72.44,32.93,34.98,56.95,60.03,94.74
Sri Lanka,2019,89.48,25.59,59.85,72.98,32.95,29.6,55.54,58.38,59.11
Sri Lanka,2017,88.99,30.28,65.43,80.04,33.47,17.49,47.19,61.9,2.4
Sri Lanka,2015,49.87,28.24,50.04,74.29,41.66,14.29,30.83,65.72,0
Sweden,2021,171.4,90.55,52.8,68.8,79.17,8.56,29.89,18.44,74.92
Sweden,2020,172.18,94.04,52.57,69.15,72.31,8.98,30.29,19.05,39.78
Sweden,2019,180.52,112.75,52.79,69.41,70.11,9.61,30.04,17.45,73.58
Sweden,2018,181.38,120.86,50.12,68.97,70.39,9.59,30.98,18.48,74.46
Sweden,2017,172.74,107.23,53.35,70.64,75.88,11.77,31.6,17.87,59.13
Sweden,2016,177.93,117.26,54.86,74.71,77.63,11.79,31,16.59,55.18
Sweden,2015,193.86,110.95,57.91,76.29,82.91,9.25,26.9,15.14,0
Sweden,2014,176.56,101.91,58.02,77.14,98.53,9.68,32.4,17.17,0
Sweden,2013,191.36,108.25,68.19,78.7,110.72,8.75,27.9,18.79,0
Switzerland,2021,190.82,110.96,78.65,74.47,131.75,8.42,28.73,20.09,80.05
Switzerland,2020,190.92,114.83,78.42,73.1,125.69,8.52,28.93,21.89,68.48
Switzerland,2019,196.08,127.76,78.82,73.23,122.67,9.11,29.12,21.31,79.24
Switzerland,2018,193.97,130.09,77.92,72.24,119.98,10.6,29.37,22.9,79.9
Switzerland,2017,173.54,95.35,77.55,71.04,122.06,14.04,28.3,20.77,69.32
Switzerland,2016,196.44,153.9,75.6,69.93,125.67,9.27,27.37,21.73,63.37
Switzerland,2015,222.94,146.51,73.23,66.31,126.03,7.28,25.63,24.07,0
Switzerland,2014,208.51,137.03,71.8,68.04,142.49,7.01,25.71,26.02,0
Switzerland,2013,215.71,138.2,72.42,71.98,146.98,6.25,25.87,22.97,0
Taiwan,2021,138.82,56.08,84.76,86.39,65.25,23.63,31.28,62.92,81.6
Taiwan,2020,140.47,61.36,84.74,86.42,61.95,24.2,31.51,63.08,91.98
Taiwan,2019,146.59,74.16,83.78,86.89,58.77,23.16,32.03,64.2,84.38
Taiwan,2018,159.47,102.07,78.58,85.34,59.69,17.5,32.69,63.91,82.9
Taiwan,2017,150.08,118.57,82.76,81.14,61.38,12.87,32.69,62.91,24.48
Taiwan,2016,150.62,113.24,80.48,84.72,57.36,15.54,33.57,64.3,35.71
Taiwan,2015,92.5,69.9,78.12,84.29,57.06,24.97,28.25,67.65,0
Taiwan,2014,94.01,65.72,78.56,82.32,59.37,24.14,25.14,64.07,0
Taiwan,2013,120.57,74.17,83.74,81.25,66.76,9.02,38.33,71.48,0
Thailand,2021,100.29,31.36,60.62,78.08,49.32,22.16,39.19,75.39,69.45
Thailand,2020,101.64,33.02,59.99,78.04,48.97,21.59,38.54,75.26,71.24
Thailand,2019,104.54,39.87,58.71,78.44,49.86,21.72,38.45,74.04,69.45
Thailand,2018,103.92,43.99,51.59,79.21,44.55,21.52,39.76,72.56,69.21
Thailand,2017,57.21,34.28,50.22,80.66,43.71,24.43,43.56,73.23,-20.21
Thailand,2016,49.48,37.17,47.84,79.75,41.98,24.06,43.45,72.84,-36.92
Thailand,2015,47.37,38.75,62.94,82.47,46.52,20.76,42.36,72.81,0
Thailand,2014,46.94,33.33,62.99,84.97,45.94,21.84,33,71.76,0
Thailand,2013,54.08,35.44,59.47,94.73,51.3,18.33,38.57,72.12,0
Turkey,2021,125.97,35.35,60.47,70.71,31.48,8.21,44.64,66.15,93.26
Turkey,2020,126.4,38.04,60.5,70.36,32.44,8.48,44.86,66.22,97.69
Turkey,2019,126.46,44.44,60.14,69.9,35.66,8.89,44.45,68.63,93.26
Turkey,2018,127.93,53.18,59.34,69.74,35.52,9.54,45.55,69.03,92.92
Turkey,2017,129.63,55.64,58.91,71.68,38.6,8.87,47.58,70.46,73.19
Turkey,2016,129.65,59.85,60.54,71.87,46.68,8.34,48.99,69.22,70.01
Turkey,2015,82.55,53.63,63.6,74,49.55,6.7,46.32,74.31,0
Turkey,2014,64.51,49.61,58.42,60.25,53.64,7.22,50.71,73.52,0
Turkey,2013,74.84,57.26,64.8,71.87,61.67,6.19,50.47,82,0
Turkmenistan,2015,157.09,59.75,82.14,77.22,38.12,12.96,11.75,28.45,0
Ukraine,2021,107.35,30.1,51.72,53.43,29.21,10.77,37.9,64.31,70.77
Ukraine,2020,105.26,30.9,51.16,52.69,30.05,11.88,38.32,65.14,59.11
Ukraine,2019,103.32,33.14,50.96,51.13,30.94,13.42,38.44,65.55,70.69
Ukraine,2018,100.41,34.32,50,50.3,27.08,15.29,39.58,66.18,70.41
Ukraine,2017,87.49,26.93,48.73,49.81,26.22,22.87,39.16,67.26,49.94
Ukraine,2016,84.07,27.5,50.57,48.06,26.95,25.78,39.55,68.58,50.45
Ukraine,2015,20.1,27.87,50.64,44.27,41.29,17.38,40.04,69.85,0
Ukraine,2014,20.07,27.14,49.84,46.89,44.33,16.72,39.09,71.03,0
Ukraine,2013,31.86,32.3,51.05,47.89,47.95,15.42,39.91,67.28,0
United Arab Emirates,2021,156.03,85.74,84.65,68.02,61.67,4.93,36.31,50.44,45.23
United Arab Emirates,2020,155.41,86.06,84.55,67.92,62.98,5.14,36.63,50.66,61.11
United Arab Emirates,2019,158.32,100.53,84.48,66.13,63.58,5.38,37.17,52.99,45.23
United Arab Emirates,2018,176.22,142.26,82.51,69.9,54.56,3.87,39.84,53.91,45.84
United Arab Emirates,2017,139.27,116.77,79.34,60.49,67.98,5.6,35.05,58.52,8.86
United Arab Emirates,2016,141.51,126.15,77.81,59.6,65.74,5.5,33.8,59.62,7.19
United Arab Emirates,2015,153.68,104.59,77.78,55.6,67.16,6.16,29.9,61.34,0
United Arab Emirates,2014,160.99,102.01,79.48,59.14,67.79,5.55,31.84,54.62,0
United Arab Emirates,2013,186.01,123.85,81.99,59.92,74.12,4.43,24.5,58.37,0
United Kingdom,2021,158.99,82.56,54.74,74.93,71.03,9.57,34.44,40.25,88.04
United Kingdom,2020,161.2,86.98,55.46,74.88,65.67,9.63,34.51,40.62,70.99
United Kingdom,2019,166.73,100.46,56.36,74.88,65.33,9.82,34.75,40.63,87.71
United Kingdom,2018,174.25,112.86,58.4,74.12,67.18,8.89,35.57,38.45,87.84
United Kingdom,2017,172.87,96.85,58.81,74.28,69.49,10,34.6,34.88,78.91
United Kingdom,2016,177.73,109.78,57.63,74.3,72.73,9.54,34.35,34.24,78.72
United Kingdom,2015,156.9,98.12,57.99,73.88,92.19,8.63,34,33.95,0
United Kingdom,2014,146.17,90.04,59,72.76,103.14,7.8,34.63,35.96,0
United Kingdom,2013,148.12,90.54,60.22,71.28,96.99,6.73,38.67,36.02,0
United States,2021,166.98,102.58,52.26,69.03,71.92,3.99,32.89,38.89,77.28
United States,2020,169.78,108.29,52.3,69.2,72.47,3.72,33.02,38.17,99.79
United States,2019,176.77,119.1,53.27,69.23,70.95,3.54,32.66,35.74,76.75
United States,2018,182.67,129.43,52.99,68.89,68.96,3.43,34.17,32.26,77.31
United States,2017,179.73,123.17,51.24,68.22,75.42,3.26,34.58,31.19,67.95
United States,2016,181.91,130.17,51.32,68.18,73.21,3.39,33.87,32.73,67.4
United States,2015,192.49,126.09,49.99,67.75,76.53,2.62,35.96,31.45,0
United States,2014,187.79,125.63,49.84,68.15,76.97,2.41,36.2,35.97,0
United States,2013,199.56,138.38,46.56,67.76,79.57,2.2,39.54,32.53,0
Uruguay,2021,124.63,30.62,48.78,67.66,51.09,17.33,37.74,45.67,98.04
Uruguay,2020,124.8,33.77,46.98,67.36,46.66,17.76,37.74,45.8,72.91
Uruguay,2019,127.01,39.82,47.67,66.15,54.91,15.84,40.37,45.56,98.04
Uruguay,2015,93.06,44.87,52.83,67.92,68.55,11.23,45,31.72,0
Uruguay,2014,100.17,39.1,56.18,67.92,72.63,10.84,45,21.33,0
Uruguay,2013,78.34,38.14,55.03,57.18,80.65,11.54,50,30.46,0
Venezuela,2015,-53.04,11.9,15.93,38.52,111.01,22.23,30.6,79.19,0
Venezuela,2014,-59.63,12.16,17.45,42.82,119.05,28.22,28.88,76.6,0
Venezuela,2013,-48.27,18.71,14.3,44.44,110.55,20.78,38.75,81.89,0
Vietnam,2021,88.38,27.26,53.91,58.28,38.05,20.59,29.61,85.92,71.09
Vietnam,2020,86.49,26.98,53.48,58.03,38.12,21.9,29.85,86.05,60.75
Vietnam,2019,85.1,30.22,51.78,55.24,38.17,22.55,29.65,86.29,71.24
Vietnam,2018,86.04,35.57,49.54,54.49,36.91,20.07,32.79,87.53,71.24
Vietnam,2017,36.12,24.77,47.04,47.87,40.11,26.76,33,88.1,-12.87
Vietnam,2016,31.48,24.06,46.55,42.25,39.11,28.87,33.79,88.41,-11.58
Vietnam,2015,-19.52,21.32,47.71,34.26,41.86,23.92,36.4,84.34,0
Vietnam,2014,-1.29,22.58,49.83,35.42,44.2,19.1,31,81.4,0
